{
  "TC_03_updatePetType" : {
    "transaction" : "TC_03_updatePetType",
    "sampleCount" : 8,
    "errorCount" : 0,
    "errorPct" : 0.0,
    "meanResTime" : 30.375,
    "medianResTime" : 20.5,
    "minResTime" : 14.0,
    "maxResTime" : 80.0,
    "pct1ResTime" : 80.0,
    "pct2ResTime" : 80.0,
    "pct3ResTime" : 80.0,
    "throughput" : 0.10929857638604257,
    "receivedKBytesPerSec" : 0.05163397102221493,
    "sentKBytesPerSec" : 0.03255475175560838
  },
  "Total" : {
    "transaction" : "Total",
    "sampleCount" : 32,
    "errorCount" : 0,
    "errorPct" : 0.0,
    "meanResTime" : 161.8125,
    "medianResTime" : 21.0,
    "minResTime" : 13.0,
    "maxResTime" : 1784.0,
    "pct1ResTime" : 627.8999999999996,
    "pct2ResTime" : 1739.1499999999999,
    "pct3ResTime" : 1784.0,
    "throughput" : 0.37655919039774066,
    "receivedKBytesPerSec" : 0.23881997970110613,
    "sentKBytesPerSec" : 0.0940593558778536
  },
  "TC_01_getAllPetTypes" : {
    "transaction" : "TC_01_getAllPetTypes",
    "sampleCount" : 15,
    "errorCount" : 0,
    "errorPct" : 0.0,
    "meanResTime" : 185.8,
    "medianResTime" : 20.0,
    "minResTime" : 15.0,
    "maxResTime" : 1715.0,
    "pct1ResTime" : 1170.2000000000003,
    "pct2ResTime" : 1715.0,
    "pct3ResTime" : 1715.0,
    "throughput" : 0.20870436331255565,
    "receivedKBytesPerSec" : 0.147193643734695,
    "sentKBytesPerSec" : 0.04259688665266029
  },
  "TC_02_addPetTypes" : {
    "transaction" : "TC_02_addPetTypes",
    "sampleCount" : 9,
    "errorCount" : 0,
    "errorPct" : 0.0,
    "meanResTime" : 238.66666666666666,
    "medianResTime" : 22.0,
    "minResTime" : 13.0,
    "maxResTime" : 1784.0,
    "pct1ResTime" : 1784.0,
    "pct2ResTime" : 1784.0,
    "pct3ResTime" : 1784.0,
    "throughput" : 0.1094331363536879,
    "receivedKBytesPerSec" : 0.07218359764475572,
    "sentKBytesPerSec" : 0.030991806193915516
  }
}