{
  "TC_03_updatePetType" : {
    "transaction" : "TC_03_updatePetType",
    "sampleCount" : 8,
    "errorCount" : 0,
    "errorPct" : 0.0,
    "meanResTime" : 19.625,
    "medianResTime" : 15.0,
    "minResTime" : 10.0,
    "maxResTime" : 39.0,
    "pct1ResTime" : 39.0,
    "pct2ResTime" : 39.0,
    "pct3ResTime" : 39.0,
    "throughput" : 0.10683760683760683,
    "receivedKBytesPerSec" : 0.05048442090678419,
    "sentKBytesPerSec" : 0.03182174813034188
  },
  "Total" : {
    "transaction" : "Total",
    "sampleCount" : 32,
    "errorCount" : 0,
    "errorPct" : 0.0,
    "meanResTime" : 26.625,
    "medianResTime" : 14.5,
    "minResTime" : 9.0,
    "maxResTime" : 149.0,
    "pct1ResTime" : 44.5,
    "pct2ResTime" : 137.29999999999995,
    "pct3ResTime" : 149.0,
    "throughput" : 0.37637760082803073,
    "receivedKBytesPerSec" : 0.2317327300019995,
    "sentKBytesPerSec" : 0.0940139972771433
  },
  "TC_02_addPetTypes" : {
    "transaction" : "TC_02_addPetTypes",
    "sampleCount" : 9,
    "errorCount" : 0,
    "errorPct" : 0.0,
    "meanResTime" : 36.888888888888886,
    "medianResTime" : 23.0,
    "minResTime" : 15.0,
    "maxResTime" : 131.0,
    "pct1ResTime" : 131.0,
    "pct2ResTime" : 131.0,
    "pct3ResTime" : 131.0,
    "throughput" : 0.11202947619996016,
    "receivedKBytesPerSec" : 0.0740177387783808,
    "sentKBytesPerSec" : 0.031727097751941845
  },
  "TC_01_getAllPetTypes" : {
    "transaction" : "TC_01_getAllPetTypes",
    "sampleCount" : 15,
    "errorCount" : 0,
    "errorPct" : 0.0,
    "meanResTime" : 24.200000000000003,
    "medianResTime" : 12.0,
    "minResTime" : 9.0,
    "maxResTime" : 149.0,
    "pct1ResTime" : 87.20000000000005,
    "pct2ResTime" : 149.0,
    "pct3ResTime" : 149.0,
    "throughput" : 0.2133469875405359,
    "receivedKBytesPerSec" : 0.14188408058115717,
    "sentKBytesPerSec" : 0.04354445351169141
  }
}