{
  "TC_03_updatePetType" : {
    "transaction" : "TC_03_updatePetType",
    "sampleCount" : 8,
    "errorCount" : 0,
    "errorPct" : 0.0,
    "meanResTime" : 26.625,
    "medianResTime" : 19.0,
    "minResTime" : 15.0,
    "maxResTime" : 58.0,
    "pct1ResTime" : 58.0,
    "pct2ResTime" : 58.0,
    "pct3ResTime" : 58.0,
    "throughput" : 0.10881096814558908,
    "receivedKBytesPerSec" : 0.051430184162563584,
    "sentKBytesPerSec" : 0.03240951687930143
  },
  "Total" : {
    "transaction" : "Total",
    "sampleCount" : 32,
    "errorCount" : 0,
    "errorPct" : 0.0,
    "meanResTime" : 115.99999999999999,
    "medianResTime" : 19.0,
    "minResTime" : 13.0,
    "maxResTime" : 1619.0,
    "pct1ResTime" : 188.19999999999987,
    "pct2ResTime" : 1338.1999999999991,
    "pct3ResTime" : 1619.0,
    "throughput" : 0.37581622586555175,
    "receivedKBytesPerSec" : 0.23821115146568328,
    "sentKBytesPerSec" : 0.09387377345915347
  },
  "TC_01_getAllPetTypes" : {
    "transaction" : "TC_01_getAllPetTypes",
    "sampleCount" : 15,
    "errorCount" : 0,
    "errorPct" : 0.0,
    "meanResTime" : 100.66666666666664,
    "medianResTime" : 19.0,
    "minResTime" : 13.0,
    "maxResTime" : 1187.0,
    "pct1ResTime" : 513.8000000000004,
    "pct2ResTime" : 1187.0,
    "pct3ResTime" : 1187.0,
    "throughput" : 0.21009874641081308,
    "receivedKBytesPerSec" : 0.14795821223475034,
    "sentKBytesPerSec" : 0.04288148242173822
  },
  "TC_02_addPetTypes" : {
    "transaction" : "TC_02_addPetTypes",
    "sampleCount" : 9,
    "errorCount" : 0,
    "errorPct" : 0.0,
    "meanResTime" : 221.0,
    "medianResTime" : 19.0,
    "minResTime" : 15.0,
    "maxResTime" : 1619.0,
    "pct1ResTime" : 1619.0,
    "pct2ResTime" : 1619.0,
    "pct3ResTime" : 1619.0,
    "throughput" : 0.10996395625878184,
    "receivedKBytesPerSec" : 0.07255759744028346,
    "sentKBytesPerSec" : 0.031142136049850326
  }
}