{
  "TC_03_updatePetType" : {
    "transaction" : "TC_03_updatePetType",
    "sampleCount" : 8,
    "errorCount" : 0,
    "errorPct" : 0.0,
    "meanResTime" : 47.375,
    "medianResTime" : 20.0,
    "minResTime" : 15.0,
    "maxResTime" : 220.0,
    "pct1ResTime" : 220.0,
    "pct2ResTime" : 220.0,
    "pct3ResTime" : 220.0,
    "throughput" : 0.109052740631688,
    "receivedKBytesPerSec" : 0.0515178352349405,
    "sentKBytesPerSec" : 0.03248152919205551
  },
  "Total" : {
    "transaction" : "Total",
    "sampleCount" : 32,
    "errorCount" : 0,
    "errorPct" : 0.0,
    "meanResTime" : 154.06249999999997,
    "medianResTime" : 20.5,
    "minResTime" : 13.0,
    "maxResTime" : 1742.0,
    "pct1ResTime" : 528.6999999999997,
    "pct2ResTime" : 1719.25,
    "pct3ResTime" : 1742.0,
    "throughput" : 0.3760149465941271,
    "receivedKBytesPerSec" : 0.23681092690621955,
    "sentKBytesPerSec" : 0.0939234111899698
  },
  "TC_01_getAllPetTypes" : {
    "transaction" : "TC_01_getAllPetTypes",
    "sampleCount" : 15,
    "errorCount" : 0,
    "errorPct" : 0.0,
    "meanResTime" : 174.4,
    "medianResTime" : 19.0,
    "minResTime" : 13.0,
    "maxResTime" : 1707.0,
    "pct1ResTime" : 1079.4000000000003,
    "pct2ResTime" : 1707.0,
    "pct3ResTime" : 1707.0,
    "throughput" : 0.2087246921310791,
    "receivedKBytesPerSec" : 0.14523759827454255,
    "sentKBytesPerSec" : 0.0426010357962847
  },
  "TC_02_addPetTypes" : {
    "transaction" : "TC_02_addPetTypes",
    "sampleCount" : 9,
    "errorCount" : 0,
    "errorPct" : 0.0,
    "meanResTime" : 214.99999999999997,
    "medianResTime" : 29.0,
    "minResTime" : 15.0,
    "maxResTime" : 1742.0,
    "pct1ResTime" : 1742.0,
    "pct2ResTime" : 1742.0,
    "pct3ResTime" : 1742.0,
    "throughput" : 0.10960105217010084,
    "receivedKBytesPerSec" : 0.07229435722027376,
    "sentKBytesPerSec" : 0.031039360477860586
  }
}