{
  "TC_03_updatePetType" : {
    "transaction" : "TC_03_updatePetType",
    "sampleCount" : 8,
    "errorCount" : 0,
    "errorPct" : 0.0,
    "meanResTime" : 112.125,
    "medianResTime" : 21.0,
    "minResTime" : 17.0,
    "maxResTime" : 551.0,
    "pct1ResTime" : 551.0,
    "pct2ResTime" : 551.0,
    "pct3ResTime" : 551.0,
    "throughput" : 0.10688185546901095,
    "receivedKBytesPerSec" : 0.05049228279602934,
    "sentKBytesPerSec" : 0.03183492765434408
  },
  "Total" : {
    "transaction" : "Total",
    "sampleCount" : 32,
    "errorCount" : 0,
    "errorPct" : 0.0,
    "meanResTime" : 89.40624999999999,
    "medianResTime" : 17.0,
    "minResTime" : 13.0,
    "maxResTime" : 782.0,
    "pct1ResTime" : 450.4999999999998,
    "pct2ResTime" : 736.4999999999999,
    "pct3ResTime" : 782.0,
    "throughput" : 0.37666556805875984,
    "receivedKBytesPerSec" : 0.22987542816281367,
    "sentKBytesPerSec" : 0.09408592756838834
  },
  "TC_02_addPetTypes" : {
    "transaction" : "TC_02_addPetTypes",
    "sampleCount" : 9,
    "errorCount" : 0,
    "errorPct" : 0.0,
    "meanResTime" : 26.666666666666668,
    "medianResTime" : 16.0,
    "minResTime" : 13.0,
    "maxResTime" : 100.0,
    "pct1ResTime" : 100.0,
    "pct2ResTime" : 100.0,
    "pct3ResTime" : 100.0,
    "throughput" : 0.11112071413578951,
    "receivedKBytesPerSec" : 0.07344143552529231,
    "sentKBytesPerSec" : 0.03146973349548727
  },
  "TC_01_getAllPetTypes" : {
    "transaction" : "TC_01_getAllPetTypes",
    "sampleCount" : 15,
    "errorCount" : 0,
    "errorPct" : 0.0,
    "meanResTime" : 114.9333333333333,
    "medianResTime" : 16.0,
    "minResTime" : 14.0,
    "maxResTime" : 782.0,
    "pct1ResTime" : 740.0,
    "pct2ResTime" : 782.0,
    "pct3ResTime" : 782.0,
    "throughput" : 0.21174477696216829,
    "receivedKBytesPerSec" : 0.13836473478966685,
    "sentKBytesPerSec" : 0.043217439829192544
  }
}