{
  "TC_03_updatePetType" : {
    "transaction" : "TC_03_updatePetType",
    "sampleCount" : 8,
    "errorCount" : 0,
    "errorPct" : 0.0,
    "meanResTime" : 124.125,
    "medianResTime" : 18.0,
    "minResTime" : 14.0,
    "maxResTime" : 665.0,
    "pct1ResTime" : 665.0,
    "pct2ResTime" : 665.0,
    "pct3ResTime" : 665.0,
    "throughput" : 0.10641835716661124,
    "receivedKBytesPerSec" : 0.0502993016295311,
    "sentKBytesPerSec" : 0.03169687396075823
  },
  "Total" : {
    "transaction" : "Total",
    "sampleCount" : 32,
    "errorCount" : 0,
    "errorPct" : 0.0,
    "meanResTime" : 158.1875,
    "medianResTime" : 16.0,
    "minResTime" : 11.0,
    "maxResTime" : 2658.0,
    "pct1ResTime" : 531.1999999999997,
    "pct2ResTime" : 1573.1499999999965,
    "pct3ResTime" : 2658.0,
    "throughput" : 0.37530933699259933,
    "receivedKBytesPerSec" : 0.22941424621465348,
    "sentKBytesPerSec" : 0.09374715952406085
  },
  "TC_02_addPetTypes" : {
    "transaction" : "TC_02_addPetTypes",
    "sampleCount" : 9,
    "errorCount" : 0,
    "errorPct" : 0.0,
    "meanResTime" : 25.11111111111111,
    "medianResTime" : 16.0,
    "minResTime" : 11.0,
    "maxResTime" : 83.0,
    "pct1ResTime" : 83.0,
    "pct2ResTime" : 83.0,
    "pct3ResTime" : 83.0,
    "throughput" : 0.11127596439169139,
    "receivedKBytesPerSec" : 0.07356819130192879,
    "sentKBytesPerSec" : 0.03151370085311573
  },
  "TC_01_getAllPetTypes" : {
    "transaction" : "TC_01_getAllPetTypes",
    "sampleCount" : 15,
    "errorCount" : 0,
    "errorPct" : 0.0,
    "meanResTime" : 256.20000000000005,
    "medianResTime" : 15.0,
    "minResTime" : 12.0,
    "maxResTime" : 2658.0,
    "pct1ResTime" : 1656.6000000000006,
    "pct2ResTime" : 2658.0,
    "pct3ResTime" : 2658.0,
    "throughput" : 0.20612606670239517,
    "receivedKBytesPerSec" : 0.13506893628643277,
    "sentKBytesPerSec" : 0.04207065228593808
  }
}