{
  "Total" : {
    "transaction" : "Total",
    "sampleCount" : 17,
    "errorCount" : 5,
    "errorPct" : 29.411764,
    "meanResTime" : 31194.64705882353,
    "medianResTime" : 29.0,
    "minResTime" : 5.0,
    "maxResTime" : 262186.0,
    "pct1ResTime" : 260974.8,
    "pct2ResTime" : 262186.0,
    "pct3ResTime" : 262186.0,
    "throughput" : 0.06135832903223479,
    "receivedKBytesPerSec" : 0.0515878046711735,
    "sentKBytesPerSec" : 0.0110499977892955
  },
  "TC_01_getAllPetTypes" : {
    "transaction" : "TC_01_getAllPetTypes",
    "sampleCount" : 15,
    "errorCount" : 3,
    "errorPct" : 20.0,
    "meanResTime" : 496.7333333333333,
    "medianResTime" : 22.0,
    "minResTime" : 5.0,
    "maxResTime" : 2717.0,
    "pct1ResTime" : 2593.4,
    "pct2ResTime" : 2717.0,
    "pct3ResTime" : 2717.0,
    "throughput" : 0.20307592331853136,
    "receivedKBytesPerSec" : 0.11695375115076356,
    "sentKBytesPerSec" : 0.04144811325544243
  },
  "TC_02_addPetTypes" : {
    "transaction" : "TC_02_addPetTypes",
    "sampleCount" : 2,
    "errorCount" : 2,
    "errorPct" : 100.0,
    "meanResTime" : 261429.0,
    "medianResTime" : 261429.0,
    "minResTime" : 260672.0,
    "maxResTime" : 262186.0,
    "pct1ResTime" : 262186.0,
    "pct2ResTime" : 262186.0,
    "pct3ResTime" : 262186.0,
    "throughput" : 0.007218757218757218,
    "receivedKBytesPerSec" : 0.02040849819170132,
    "sentKBytesPerSec" : 0.0
  }
}