{
  "TC_03_updatePetType" : {
    "transaction" : "TC_03_updatePetType",
    "sampleCount" : 8,
    "errorCount" : 0,
    "errorPct" : 0.0,
    "meanResTime" : 76.12499999999999,
    "medianResTime" : 21.0,
    "minResTime" : 18.0,
    "maxResTime" : 267.0,
    "pct1ResTime" : 267.0,
    "pct2ResTime" : 267.0,
    "pct3ResTime" : 267.0,
    "throughput" : 0.10660128454547878,
    "receivedKBytesPerSec" : 0.05037275054633158,
    "sentKBytesPerSec" : 0.03175135916637795
  },
  "Total" : {
    "transaction" : "Total",
    "sampleCount" : 32,
    "errorCount" : 0,
    "errorPct" : 0.0,
    "meanResTime" : 129.00000000000003,
    "medianResTime" : 19.5,
    "minResTime" : 14.0,
    "maxResTime" : 937.0,
    "pct1ResTime" : 695.1,
    "pct2ResTime" : 873.2999999999998,
    "pct3ResTime" : 937.0,
    "throughput" : 0.372153606401042,
    "receivedKBytesPerSec" : 0.22711046347661246,
    "sentKBytesPerSec" : 0.09295890101295559
  },
  "TC_01_getAllPetTypes" : {
    "transaction" : "TC_01_getAllPetTypes",
    "sampleCount" : 15,
    "errorCount" : 0,
    "errorPct" : 0.0,
    "meanResTime" : 107.26666666666668,
    "medianResTime" : 18.0,
    "minResTime" : 14.0,
    "maxResTime" : 702.0,
    "pct1ResTime" : 688.2,
    "pct2ResTime" : 702.0,
    "pct3ResTime" : 702.0,
    "throughput" : 0.2117776616922447,
    "receivedKBytesPerSec" : 0.1384965241991275,
    "sentKBytesPerSec" : 0.04322415165398354
  },
  "TC_02_addPetTypes" : {
    "transaction" : "TC_02_addPetTypes",
    "sampleCount" : 9,
    "errorCount" : 0,
    "errorPct" : 0.0,
    "meanResTime" : 212.22222222222223,
    "medianResTime" : 21.0,
    "minResTime" : 14.0,
    "maxResTime" : 937.0,
    "pct1ResTime" : 937.0,
    "pct2ResTime" : 937.0,
    "pct3ResTime" : 937.0,
    "throughput" : 0.11064258756131444,
    "receivedKBytesPerSec" : 0.07300537922746886,
    "sentKBytesPerSec" : 0.031334326555450376
  }
}