{
  "TC_03_updatePetType" : {
    "transaction" : "TC_03_updatePetType",
    "sampleCount" : 8,
    "errorCount" : 0,
    "errorPct" : 0.0,
    "meanResTime" : 273.0,
    "medianResTime" : 17.0,
    "minResTime" : 15.0,
    "maxResTime" : 1849.0,
    "pct1ResTime" : 1849.0,
    "pct2ResTime" : 1849.0,
    "pct3ResTime" : 1849.0,
    "throughput" : 0.10672785730485479,
    "receivedKBytesPerSec" : 0.05043256050135411,
    "sentKBytesPerSec" : 0.031789059060528035
  },
  "Total" : {
    "transaction" : "Total",
    "sampleCount" : 32,
    "errorCount" : 1,
    "errorPct" : 3.125,
    "meanResTime" : 238.75,
    "medianResTime" : 17.5,
    "minResTime" : 11.0,
    "maxResTime" : 1916.0,
    "pct1ResTime" : 1376.2999999999993,
    "pct2ResTime" : 1872.4499999999998,
    "pct3ResTime" : 1916.0,
    "throughput" : 0.3761961863111613,
    "receivedKBytesPerSec" : 0.22544447358985212,
    "sentKBytesPerSec" : 0.09396868240224777
  },
  "TC_01_getAllPetTypes" : {
    "transaction" : "TC_01_getAllPetTypes",
    "sampleCount" : 15,
    "errorCount" : 1,
    "errorPct" : 6.6666665,
    "meanResTime" : 346.13333333333327,
    "medianResTime" : 21.0,
    "minResTime" : 11.0,
    "maxResTime" : 1916.0,
    "pct1ResTime" : 1777.4,
    "pct2ResTime" : 1916.0,
    "pct3ResTime" : 1916.0,
    "throughput" : 0.20676251257805284,
    "receivedKBytesPerSec" : 0.13020923074007196,
    "sentKBytesPerSec" : 0.04220055188360649
  },
  "TC_02_addPetTypes" : {
    "transaction" : "TC_02_addPetTypes",
    "sampleCount" : 9,
    "errorCount" : 0,
    "errorPct" : 0.0,
    "meanResTime" : 29.333333333333336,
    "medianResTime" : 17.0,
    "minResTime" : 13.0,
    "maxResTime" : 95.0,
    "pct1ResTime" : 95.0,
    "pct2ResTime" : 95.0,
    "pct3ResTime" : 95.0,
    "throughput" : 0.10937860797491583,
    "receivedKBytesPerSec" : 0.07231378671779104,
    "sentKBytesPerSec" : 0.030976363586646086
  }
}