{
  "TC_03_updatePetType" : {
    "transaction" : "TC_03_updatePetType",
    "sampleCount" : 8,
    "errorCount" : 0,
    "errorPct" : 0.0,
    "meanResTime" : 62.375,
    "medianResTime" : 18.5,
    "minResTime" : 15.0,
    "maxResTime" : 198.0,
    "pct1ResTime" : 198.0,
    "pct2ResTime" : 198.0,
    "pct3ResTime" : 198.0,
    "throughput" : 0.1076339369803299,
    "receivedKBytesPerSec" : 0.050873853025859055,
    "sentKBytesPerSec" : 0.032058936307617796
  },
  "Total" : {
    "transaction" : "Total",
    "sampleCount" : 32,
    "errorCount" : 0,
    "errorPct" : 0.0,
    "meanResTime" : 102.96875000000003,
    "medianResTime" : 17.0,
    "minResTime" : 12.0,
    "maxResTime" : 809.0,
    "pct1ResTime" : 531.8999999999996,
    "pct2ResTime" : 773.2499999999999,
    "pct3ResTime" : 809.0,
    "throughput" : 0.37643515904385466,
    "receivedKBytesPerSec" : 0.22998754528985507,
    "sentKBytesPerSec" : 0.09402837453533786
  },
  "TC_02_addPetTypes" : {
    "transaction" : "TC_02_addPetTypes",
    "sampleCount" : 9,
    "errorCount" : 0,
    "errorPct" : 0.0,
    "meanResTime" : 111.66666666666667,
    "medianResTime" : 14.0,
    "minResTime" : 12.0,
    "maxResTime" : 675.0,
    "pct1ResTime" : 675.0,
    "pct2ResTime" : 675.0,
    "pct3ResTime" : 675.0,
    "throughput" : 0.11074333386654198,
    "receivedKBytesPerSec" : 0.0732160517848134,
    "sentKBytesPerSec" : 0.03136285822392302
  },
  "TC_01_getAllPetTypes" : {
    "transaction" : "TC_01_getAllPetTypes",
    "sampleCount" : 15,
    "errorCount" : 0,
    "errorPct" : 0.0,
    "meanResTime" : 119.39999999999999,
    "medianResTime" : 16.0,
    "minResTime" : 12.0,
    "maxResTime" : 809.0,
    "pct1ResTime" : 776.0,
    "pct2ResTime" : 809.0,
    "pct3ResTime" : 809.0,
    "throughput" : 0.21160736957932455,
    "receivedKBytesPerSec" : 0.13852292325000706,
    "sentKBytesPerSec" : 0.04318939476765511
  }
}