{
  "TC_03_updatePetType" : {
    "transaction" : "TC_03_updatePetType",
    "sampleCount" : 8,
    "errorCount" : 0,
    "errorPct" : 0.0,
    "meanResTime" : 56.125,
    "medianResTime" : 17.5,
    "minResTime" : 14.0,
    "maxResTime" : 304.0,
    "pct1ResTime" : 304.0,
    "pct2ResTime" : 304.0,
    "pct3ResTime" : 304.0,
    "throughput" : 0.10838346068389963,
    "receivedKBytesPerSec" : 0.05120165928304341,
    "sentKBytesPerSec" : 0.032282183113856826
  },
  "Total" : {
    "transaction" : "Total",
    "sampleCount" : 32,
    "errorCount" : 0,
    "errorPct" : 0.0,
    "meanResTime" : 121.43749999999996,
    "medianResTime" : 16.0,
    "minResTime" : 13.0,
    "maxResTime" : 1217.0,
    "pct1ResTime" : 520.9999999999998,
    "pct2ResTime" : 1208.55,
    "pct3ResTime" : 1217.0,
    "throughput" : 0.37630235894541264,
    "receivedKBytesPerSec" : 0.23756612852489475,
    "sentKBytesPerSec" : 0.093995202879889
  },
  "TC_01_getAllPetTypes" : {
    "transaction" : "TC_01_getAllPetTypes",
    "sampleCount" : 15,
    "errorCount" : 0,
    "errorPct" : 0.0,
    "meanResTime" : 136.73333333333332,
    "medianResTime" : 16.0,
    "minResTime" : 13.0,
    "maxResTime" : 1204.0,
    "pct1ResTime" : 850.0000000000002,
    "pct2ResTime" : 1204.0,
    "pct3ResTime" : 1204.0,
    "throughput" : 0.21022241531540367,
    "receivedKBytesPerSec" : 0.14695039539332616,
    "sentKBytesPerSec" : 0.042906723438397826
  },
  "TC_02_addPetTypes" : {
    "transaction" : "TC_02_addPetTypes",
    "sampleCount" : 9,
    "errorCount" : 0,
    "errorPct" : 0.0,
    "meanResTime" : 154.0,
    "medianResTime" : 16.0,
    "minResTime" : 15.0,
    "maxResTime" : 1217.0,
    "pct1ResTime" : 1217.0,
    "pct2ResTime" : 1217.0,
    "pct3ResTime" : 1217.0,
    "throughput" : 0.11019283746556474,
    "receivedKBytesPerSec" : 0.07269666360575451,
    "sentKBytesPerSec" : 0.031206955922865015
  }
}