{
  "TC_03_updatePetType" : {
    "transaction" : "TC_03_updatePetType",
    "sampleCount" : 8,
    "errorCount" : 0,
    "errorPct" : 0.0,
    "meanResTime" : 75.75,
    "medianResTime" : 18.5,
    "minResTime" : 13.0,
    "maxResTime" : 274.0,
    "pct1ResTime" : 274.0,
    "pct2ResTime" : 274.0,
    "pct3ResTime" : 274.0,
    "throughput" : 0.10682048816963094,
    "receivedKBytesPerSec" : 0.050463292140682584,
    "sentKBytesPerSec" : 0.031816649308337344
  },
  "Total" : {
    "transaction" : "Total",
    "sampleCount" : 32,
    "errorCount" : 0,
    "errorPct" : 0.0,
    "meanResTime" : 87.5625,
    "medianResTime" : 19.0,
    "minResTime" : 12.0,
    "maxResTime" : 722.0,
    "pct1ResTime" : 268.59999999999997,
    "pct2ResTime" : 714.1999999999999,
    "pct3ResTime" : 722.0,
    "throughput" : 0.3764573015070056,
    "receivedKBytesPerSec" : 0.22989767640553863,
    "sentKBytesPerSec" : 0.09403390542098514
  },
  "TC_02_addPetTypes" : {
    "transaction" : "TC_02_addPetTypes",
    "sampleCount" : 9,
    "errorCount" : 0,
    "errorPct" : 0.0,
    "meanResTime" : 57.77777777777777,
    "medianResTime" : 22.0,
    "minResTime" : 12.0,
    "maxResTime" : 256.0,
    "pct1ResTime" : 256.0,
    "pct2ResTime" : 256.0,
    "pct3ResTime" : 256.0,
    "throughput" : 0.11112894662106264,
    "receivedKBytesPerSec" : 0.07347099302974552,
    "sentKBytesPerSec" : 0.031472064961043135
  },
  "TC_01_getAllPetTypes" : {
    "transaction" : "TC_01_getAllPetTypes",
    "sampleCount" : 15,
    "errorCount" : 0,
    "errorPct" : 0.0,
    "meanResTime" : 111.73333333333335,
    "medianResTime" : 18.0,
    "minResTime" : 12.0,
    "maxResTime" : 722.0,
    "pct1ResTime" : 714.8,
    "pct2ResTime" : 722.0,
    "pct3ResTime" : 722.0,
    "throughput" : 0.21164618401930213,
    "receivedKBytesPerSec" : 0.1384518787126268,
    "sentKBytesPerSec" : 0.04319731685550209
  }
}