{
  "TC_03_updatePetType" : {
    "transaction" : "TC_03_updatePetType",
    "sampleCount" : 8,
    "errorCount" : 0,
    "errorPct" : 0.0,
    "meanResTime" : 79.62500000000001,
    "medianResTime" : 16.5,
    "minResTime" : 14.0,
    "maxResTime" : 493.0,
    "pct1ResTime" : 493.0,
    "pct2ResTime" : 493.0,
    "pct3ResTime" : 493.0,
    "throughput" : 0.10839227163103271,
    "receivedKBytesPerSec" : 0.05123228463810531,
    "sentKBytesPerSec" : 0.03228480746822752
  },
  "Total" : {
    "transaction" : "Total",
    "sampleCount" : 32,
    "errorCount" : 0,
    "errorPct" : 0.0,
    "meanResTime" : 138.56250000000003,
    "medianResTime" : 16.0,
    "minResTime" : 12.0,
    "maxResTime" : 1196.0,
    "pct1ResTime" : 842.9999999999997,
    "pct2ResTime" : 1192.75,
    "pct3ResTime" : 1196.0,
    "throughput" : 0.3764440157165376,
    "receivedKBytesPerSec" : 0.23875842219960944,
    "sentKBytesPerSec" : 0.09403058681151918
  },
  "TC_02_addPetTypes" : {
    "transaction" : "TC_02_addPetTypes",
    "sampleCount" : 9,
    "errorCount" : 0,
    "errorPct" : 0.0,
    "meanResTime" : 156.44444444444446,
    "medianResTime" : 17.0,
    "minResTime" : 15.0,
    "maxResTime" : 1196.0,
    "pct1ResTime" : 1196.0,
    "pct2ResTime" : 1196.0,
    "pct3ResTime" : 1196.0,
    "throughput" : 0.10986194016186326,
    "receivedKBytesPerSec" : 0.07247836330122923,
    "sentKBytesPerSec" : 0.031113244772402678
  },
  "TC_01_getAllPetTypes" : {
    "transaction" : "TC_01_getAllPetTypes",
    "sampleCount" : 15,
    "errorCount" : 0,
    "errorPct" : 0.0,
    "meanResTime" : 159.26666666666668,
    "medianResTime" : 16.0,
    "minResTime" : 12.0,
    "maxResTime" : 1191.0,
    "pct1ResTime" : 1072.2,
    "pct2ResTime" : 1191.0,
    "pct3ResTime" : 1191.0,
    "throughput" : 0.21032263492197031,
    "receivedKBytesPerSec" : 0.14830758195572008,
    "sentKBytesPerSec" : 0.042927178416691206
  }
}