{
  "TC_03_updatePetType" : {
    "transaction" : "TC_03_updatePetType",
    "sampleCount" : 8,
    "errorCount" : 0,
    "errorPct" : 0.0,
    "meanResTime" : 126.25,
    "medianResTime" : 16.0,
    "minResTime" : 12.0,
    "maxResTime" : 670.0,
    "pct1ResTime" : 670.0,
    "pct2ResTime" : 670.0,
    "pct3ResTime" : 670.0,
    "throughput" : 0.10641269503451763,
    "receivedKBytesPerSec" : 0.050296625387408714,
    "sentKBytesPerSec" : 0.03169518748586706
  },
  "Total" : {
    "transaction" : "Total",
    "sampleCount" : 32,
    "errorCount" : 0,
    "errorPct" : 0.0,
    "meanResTime" : 91.03125000000001,
    "medianResTime" : 16.0,
    "minResTime" : 12.0,
    "maxResTime" : 803.0,
    "pct1ResTime" : 527.9999999999998,
    "pct2ResTime" : 716.5499999999997,
    "pct3ResTime" : 803.0,
    "throughput" : 0.3752389216571489,
    "receivedKBytesPerSec" : 0.2292910439557218,
    "sentKBytesPerSec" : 0.09372957073253674
  },
  "TC_02_addPetTypes" : {
    "transaction" : "TC_02_addPetTypes",
    "sampleCount" : 9,
    "errorCount" : 0,
    "errorPct" : 0.0,
    "meanResTime" : 26.111111111111107,
    "medianResTime" : 16.0,
    "minResTime" : 12.0,
    "maxResTime" : 92.0,
    "pct1ResTime" : 92.0,
    "pct2ResTime" : 92.0,
    "pct3ResTime" : 92.0,
    "throughput" : 0.11126495895559292,
    "receivedKBytesPerSec" : 0.0735488422262882,
    "sentKBytesPerSec" : 0.03151058407922065
  },
  "TC_01_getAllPetTypes" : {
    "transaction" : "TC_01_getAllPetTypes",
    "sampleCount" : 15,
    "errorCount" : 0,
    "errorPct" : 0.0,
    "meanResTime" : 111.19999999999997,
    "medianResTime" : 15.0,
    "minResTime" : 12.0,
    "maxResTime" : 803.0,
    "pct1ResTime" : 710.0,
    "pct2ResTime" : 803.0,
    "pct3ResTime" : 803.0,
    "throughput" : 0.21187039181897793,
    "receivedKBytesPerSec" : 0.13875027807988927,
    "sentKBytesPerSec" : 0.04324307801774061
  }
}