{
  "TC_03_updatePetType" : {
    "transaction" : "TC_03_updatePetType",
    "sampleCount" : 8,
    "errorCount" : 0,
    "errorPct" : 0.0,
    "meanResTime" : 16.25,
    "medianResTime" : 14.0,
    "minResTime" : 12.0,
    "maxResTime" : 34.0,
    "pct1ResTime" : 34.0,
    "pct2ResTime" : 34.0,
    "pct3ResTime" : 34.0,
    "throughput" : 0.10677201505485412,
    "receivedKBytesPerSec" : 0.050466460240770894,
    "sentKBytesPerSec" : 0.03180221151536182
  },
  "Total" : {
    "transaction" : "Total",
    "sampleCount" : 32,
    "errorCount" : 0,
    "errorPct" : 0.0,
    "meanResTime" : 21.499999999999996,
    "medianResTime" : 14.0,
    "minResTime" : 9.0,
    "maxResTime" : 99.0,
    "pct1ResTime" : 36.099999999999994,
    "pct2ResTime" : 93.14999999999998,
    "pct3ResTime" : 99.0,
    "throughput" : 0.37635104143389747,
    "receivedKBytesPerSec" : 0.23171637759182376,
    "sentKBytesPerSec" : 0.09400736310230867
  },
  "TC_02_addPetTypes" : {
    "transaction" : "TC_02_addPetTypes",
    "sampleCount" : 9,
    "errorCount" : 0,
    "errorPct" : 0.0,
    "meanResTime" : 29.555555555555554,
    "medianResTime" : 20.0,
    "minResTime" : 13.0,
    "maxResTime" : 90.0,
    "pct1ResTime" : 90.0,
    "pct2ResTime" : 90.0,
    "pct3ResTime" : 90.0,
    "throughput" : 0.11215652065549256,
    "receivedKBytesPerSec" : 0.07413818617982429,
    "sentKBytesPerSec" : 0.03176307713876254
  },
  "TC_01_getAllPetTypes" : {
    "transaction" : "TC_01_getAllPetTypes",
    "sampleCount" : 15,
    "errorCount" : 0,
    "errorPct" : 0.0,
    "meanResTime" : 19.466666666666665,
    "medianResTime" : 13.0,
    "minResTime" : 9.0,
    "maxResTime" : 99.0,
    "pct1ResTime" : 58.200000000000024,
    "pct2ResTime" : 99.0,
    "pct3ResTime" : 99.0,
    "throughput" : 0.21359306249733007,
    "receivedKBytesPerSec" : 0.14199210684636962,
    "sentKBytesPerSec" : 0.04359467779486522
  }
}