{
  "TC_03_updatePetType" : {
    "transaction" : "TC_03_updatePetType",
    "sampleCount" : 8,
    "errorCount" : 0,
    "errorPct" : 0.0,
    "meanResTime" : 44.0,
    "medianResTime" : 17.5,
    "minResTime" : 14.0,
    "maxResTime" : 196.0,
    "pct1ResTime" : 196.0,
    "pct2ResTime" : 196.0,
    "pct3ResTime" : 196.0,
    "throughput" : 0.10829103214890017,
    "receivedKBytesPerSec" : 0.05115799492385787,
    "sentKBytesPerSec" : 0.03225465313028765
  },
  "Total" : {
    "transaction" : "Total",
    "sampleCount" : 32,
    "errorCount" : 0,
    "errorPct" : 0.0,
    "meanResTime" : 82.93749999999996,
    "medianResTime" : 16.0,
    "minResTime" : 12.0,
    "maxResTime" : 1134.0,
    "pct1ResTime" : 160.89999999999992,
    "pct2ResTime" : 876.5999999999992,
    "pct3ResTime" : 1134.0,
    "throughput" : 0.3764263027879073,
    "receivedKBytesPerSec" : 0.23862082402070342,
    "sentKBytesPerSec" : 0.09402616236325137
  },
  "TC_01_getAllPetTypes" : {
    "transaction" : "TC_01_getAllPetTypes",
    "sampleCount" : 15,
    "errorCount" : 0,
    "errorPct" : 0.0,
    "meanResTime" : 68.13333333333334,
    "medianResTime" : 15.0,
    "minResTime" : 12.0,
    "maxResTime" : 738.0,
    "pct1ResTime" : 342.60000000000025,
    "pct2ResTime" : 738.0,
    "pct3ResTime" : 738.0,
    "throughput" : 0.2116103548000282,
    "receivedKBytesPerSec" : 0.1490640650349157,
    "sentKBytesPerSec" : 0.04319000405586513
  },
  "TC_02_addPetTypes" : {
    "transaction" : "TC_02_addPetTypes",
    "sampleCount" : 9,
    "errorCount" : 0,
    "errorPct" : 0.0,
    "meanResTime" : 142.22222222222223,
    "medianResTime" : 16.0,
    "minResTime" : 14.0,
    "maxResTime" : 1134.0,
    "pct1ResTime" : 1134.0,
    "pct2ResTime" : 1134.0,
    "pct3ResTime" : 1134.0,
    "throughput" : 0.1104213186759257,
    "receivedKBytesPerSec" : 0.07287136069737198,
    "sentKBytesPerSec" : 0.03127166251564302
  }
}