{
  "TC_03_updatePetType" : {
    "transaction" : "TC_03_updatePetType",
    "sampleCount" : 8,
    "errorCount" : 0,
    "errorPct" : 0.0,
    "meanResTime" : 51.75,
    "medianResTime" : 17.5,
    "minResTime" : 12.0,
    "maxResTime" : 257.0,
    "pct1ResTime" : 257.0,
    "pct2ResTime" : 257.0,
    "pct3ResTime" : 257.0,
    "throughput" : 0.10857910666539991,
    "receivedKBytesPerSec" : 0.051294084813854696,
    "sentKBytesPerSec" : 0.03234045657514353
  },
  "Total" : {
    "transaction" : "Total",
    "sampleCount" : 32,
    "errorCount" : 0,
    "errorPct" : 0.0,
    "meanResTime" : 108.1875,
    "medianResTime" : 17.0,
    "minResTime" : 12.0,
    "maxResTime" : 1307.0,
    "pct1ResTime" : 211.3999999999999,
    "pct2ResTime" : 1284.25,
    "pct3ResTime" : 1307.0,
    "throughput" : 0.37651045404807565,
    "receivedKBytesPerSec" : 0.23820307076631644,
    "sentKBytesPerSec" : 0.09404718220164487
  },
  "TC_01_getAllPetTypes" : {
    "transaction" : "TC_01_getAllPetTypes",
    "sampleCount" : 15,
    "errorCount" : 0,
    "errorPct" : 0.0,
    "meanResTime" : 106.7333333333333,
    "medianResTime" : 17.0,
    "minResTime" : 12.0,
    "maxResTime" : 1272.0,
    "pct1ResTime" : 571.8000000000004,
    "pct2ResTime" : 1272.0,
    "pct3ResTime" : 1272.0,
    "throughput" : 0.20974914002852588,
    "receivedKBytesPerSec" : 0.14722040876611572,
    "sentKBytesPerSec" : 0.04281012721285343
  },
  "TC_02_addPetTypes" : {
    "transaction" : "TC_02_addPetTypes",
    "sampleCount" : 9,
    "errorCount" : 0,
    "errorPct" : 0.0,
    "meanResTime" : 160.77777777777777,
    "medianResTime" : 16.0,
    "minResTime" : 13.0,
    "maxResTime" : 1307.0,
    "pct1ResTime" : 1307.0,
    "pct2ResTime" : 1307.0,
    "pct3ResTime" : 1307.0,
    "throughput" : 0.1101159888415798,
    "receivedKBytesPerSec" : 0.07264596486076445,
    "sentKBytesPerSec" : 0.03118519215240053
  }
}