{
  "TC_03_updatePetType" : {
    "transaction" : "TC_03_updatePetType",
    "sampleCount" : 8,
    "errorCount" : 0,
    "errorPct" : 0.0,
    "meanResTime" : 45.00000000000001,
    "medianResTime" : 18.0,
    "minResTime" : 15.0,
    "maxResTime" : 188.0,
    "pct1ResTime" : 188.0,
    "pct2ResTime" : 188.0,
    "pct3ResTime" : 188.0,
    "throughput" : 0.1088939101080772,
    "receivedKBytesPerSec" : 0.05146938719952087,
    "sentKBytesPerSec" : 0.032434221272425345
  },
  "Total" : {
    "transaction" : "Total",
    "sampleCount" : 32,
    "errorCount" : 0,
    "errorPct" : 0.0,
    "meanResTime" : 141.96874999999997,
    "medianResTime" : 17.0,
    "minResTime" : 13.0,
    "maxResTime" : 1566.0,
    "pct1ResTime" : 543.5999999999997,
    "pct2ResTime" : 1544.55,
    "pct3ResTime" : 1566.0,
    "throughput" : 0.3762846593447943,
    "receivedKBytesPerSec" : 0.23843916829331388,
    "sentKBytesPerSec" : 0.09399078176077702
  },
  "TC_01_getAllPetTypes" : {
    "transaction" : "TC_01_getAllPetTypes",
    "sampleCount" : 15,
    "errorCount" : 0,
    "errorPct" : 0.0,
    "meanResTime" : 163.1333333333333,
    "medianResTime" : 15.0,
    "minResTime" : 13.0,
    "maxResTime" : 1533.0,
    "pct1ResTime" : 1030.8000000000002,
    "pct2ResTime" : 1533.0,
    "pct3ResTime" : 1533.0,
    "throughput" : 0.2092925910422771,
    "receivedKBytesPerSec" : 0.14733598873308218,
    "sentKBytesPerSec" : 0.04271694485140226
  },
  "TC_02_addPetTypes" : {
    "transaction" : "TC_02_addPetTypes",
    "sampleCount" : 9,
    "errorCount" : 0,
    "errorPct" : 0.0,
    "meanResTime" : 192.88888888888886,
    "medianResTime" : 18.0,
    "minResTime" : 17.0,
    "maxResTime" : 1566.0,
    "pct1ResTime" : 1566.0,
    "pct2ResTime" : 1566.0,
    "pct3ResTime" : 1566.0,
    "throughput" : 0.10991426687183997,
    "receivedKBytesPerSec" : 0.07250095793336753,
    "sentKBytesPerSec" : 0.03112806386018905
  }
}