{
  "TC_03_updatePetType" : {
    "transaction" : "TC_03_updatePetType",
    "sampleCount" : 8,
    "errorCount" : 0,
    "errorPct" : 0.0,
    "meanResTime" : 117.625,
    "medianResTime" : 15.5,
    "minResTime" : 14.0,
    "maxResTime" : 604.0,
    "pct1ResTime" : 604.0,
    "pct2ResTime" : 604.0,
    "pct3ResTime" : 604.0,
    "throughput" : 0.10647926316349891,
    "receivedKBytesPerSec" : 0.05028909535883511,
    "sentKBytesPerSec" : 0.03171501490709684
  },
  "Total" : {
    "transaction" : "Total",
    "sampleCount" : 32,
    "errorCount" : 0,
    "errorPct" : 0.0,
    "meanResTime" : 119.71875000000003,
    "medianResTime" : 15.5,
    "minResTime" : 12.0,
    "maxResTime" : 1663.0,
    "pct1ResTime" : 496.89999999999975,
    "pct2ResTime" : 1078.649999999998,
    "pct3ResTime" : 1663.0,
    "throughput" : 0.37534455457157934,
    "receivedKBytesPerSec" : 0.22928686367368484,
    "sentKBytesPerSec" : 0.09375595639551933
  },
  "TC_02_addPetTypes" : {
    "transaction" : "TC_02_addPetTypes",
    "sampleCount" : 9,
    "errorCount" : 0,
    "errorPct" : 0.0,
    "meanResTime" : 28.333333333333332,
    "medianResTime" : 18.0,
    "minResTime" : 13.0,
    "maxResTime" : 117.0,
    "pct1ResTime" : 117.0,
    "pct2ResTime" : 117.0,
    "pct3ResTime" : 117.0,
    "throughput" : 0.11133240143989906,
    "receivedKBytesPerSec" : 0.07359342334764161,
    "sentKBytesPerSec" : 0.031529684001533914
  },
  "TC_01_getAllPetTypes" : {
    "transaction" : "TC_01_getAllPetTypes",
    "sampleCount" : 15,
    "errorCount" : 0,
    "errorPct" : 0.0,
    "meanResTime" : 175.66666666666666,
    "medianResTime" : 15.0,
    "minResTime" : 12.0,
    "maxResTime" : 1663.0,
    "pct1ResTime" : 1123.6000000000004,
    "pct2ResTime" : 1663.0,
    "pct3ResTime" : 1663.0,
    "throughput" : 0.20896603605360675,
    "receivedKBytesPerSec" : 0.13680745172884567,
    "sentKBytesPerSec" : 0.04265029446797247
  }
}