{
  "TC_03_updatePetType" : {
    "transaction" : "TC_03_updatePetType",
    "sampleCount" : 8,
    "errorCount" : 0,
    "errorPct" : 0.0,
    "meanResTime" : 139.25,
    "medianResTime" : 16.0,
    "minResTime" : 15.0,
    "maxResTime" : 837.0,
    "pct1ResTime" : 837.0,
    "pct2ResTime" : 837.0,
    "pct3ResTime" : 837.0,
    "throughput" : 0.10673355302656332,
    "receivedKBytesPerSec" : 0.050448280922711565,
    "sentKBytesPerSec" : 0.031790755540138486
  },
  "Total" : {
    "transaction" : "Total",
    "sampleCount" : 32,
    "errorCount" : 0,
    "errorPct" : 0.0,
    "meanResTime" : 96.68749999999997,
    "medianResTime" : 16.0,
    "minResTime" : 13.0,
    "maxResTime" : 1462.0,
    "pct1ResTime" : 155.09999999999994,
    "pct2ResTime" : 1055.7499999999986,
    "pct3ResTime" : 1462.0,
    "throughput" : 0.37619176375157237,
    "receivedKBytesPerSec" : 0.22991920326699034,
    "sentKBytesPerSec" : 0.0939675777071112
  },
  "TC_02_addPetTypes" : {
    "transaction" : "TC_02_addPetTypes",
    "sampleCount" : 9,
    "errorCount" : 0,
    "errorPct" : 0.0,
    "meanResTime" : 29.555555555555557,
    "medianResTime" : 17.0,
    "minResTime" : 16.0,
    "maxResTime" : 97.0,
    "pct1ResTime" : 97.0,
    "pct2ResTime" : 97.0,
    "pct3ResTime" : 97.0,
    "throughput" : 0.11080332409972299,
    "receivedKBytesPerSec" : 0.0732076215758695,
    "sentKBytesPerSec" : 0.031379847645429365
  },
  "TC_01_getAllPetTypes" : {
    "transaction" : "TC_01_getAllPetTypes",
    "sampleCount" : 15,
    "errorCount" : 0,
    "errorPct" : 0.0,
    "meanResTime" : 114.2666666666667,
    "medianResTime" : 15.0,
    "minResTime" : 13.0,
    "maxResTime" : 1462.0,
    "pct1ResTime" : 608.8000000000005,
    "pct2ResTime" : 1462.0,
    "pct3ResTime" : 1462.0,
    "throughput" : 0.20948550360315066,
    "receivedKBytesPerSec" : 0.137283924431596,
    "sentKBytesPerSec" : 0.04275631860650243
  }
}