{
  "TC_03_updatePetType" : {
    "transaction" : "TC_03_updatePetType",
    "sampleCount" : 8,
    "errorCount" : 0,
    "errorPct" : 0.0,
    "meanResTime" : 48.37499999999999,
    "medianResTime" : 23.5,
    "minResTime" : 14.0,
    "maxResTime" : 206.0,
    "pct1ResTime" : 206.0,
    "pct2ResTime" : 206.0,
    "pct3ResTime" : 206.0,
    "throughput" : 0.1082309648790519,
    "receivedKBytesPerSec" : 0.051142830205909415,
    "sentKBytesPerSec" : 0.032236762000108235
  },
  "Total" : {
    "transaction" : "Total",
    "sampleCount" : 32,
    "errorCount" : 0,
    "errorPct" : 0.0,
    "meanResTime" : 118.56249999999999,
    "medianResTime" : 17.5,
    "minResTime" : 13.0,
    "maxResTime" : 1178.0,
    "pct1ResTime" : 488.09999999999974,
    "pct2ResTime" : 1170.85,
    "pct3ResTime" : 1178.0,
    "throughput" : 0.37605029672718726,
    "receivedKBytesPerSec" : 0.23697090384276398,
    "sentKBytesPerSec" : 0.09393224117163171
  },
  "TC_01_getAllPetTypes" : {
    "transaction" : "TC_01_getAllPetTypes",
    "sampleCount" : 15,
    "errorCount" : 0,
    "errorPct" : 0.0,
    "meanResTime" : 135.2,
    "medianResTime" : 17.0,
    "minResTime" : 13.0,
    "maxResTime" : 1167.0,
    "pct1ResTime" : 832.2000000000002,
    "pct2ResTime" : 1167.0,
    "pct3ResTime" : 1167.0,
    "throughput" : 0.21030789075206102,
    "receivedKBytesPerSec" : 0.14646246792804665,
    "sentKBytesPerSec" : 0.04292416910857495
  },
  "TC_02_addPetTypes" : {
    "transaction" : "TC_02_addPetTypes",
    "sampleCount" : 9,
    "errorCount" : 0,
    "errorPct" : 0.0,
    "meanResTime" : 153.22222222222223,
    "medianResTime" : 17.0,
    "minResTime" : 13.0,
    "maxResTime" : 1178.0,
    "pct1ResTime" : 1178.0,
    "pct2ResTime" : 1178.0,
    "pct3ResTime" : 1178.0,
    "throughput" : 0.11036174126302882,
    "receivedKBytesPerSec" : 0.07282006820968731,
    "sentKBytesPerSec" : 0.03125479000613121
  }
}