{
  "TC_03_updatePetType" : {
    "transaction" : "TC_03_updatePetType",
    "sampleCount" : 8,
    "errorCount" : 0,
    "errorPct" : 0.0,
    "meanResTime" : 43.0,
    "medianResTime" : 17.0,
    "minResTime" : 14.0,
    "maxResTime" : 221.0,
    "pct1ResTime" : 221.0,
    "pct2ResTime" : 221.0,
    "pct3ResTime" : 221.0,
    "throughput" : 0.10678056593699947,
    "receivedKBytesPerSec" : 0.05044443239455419,
    "sentKBytesPerSec" : 0.03180475840896957
  },
  "Total" : {
    "transaction" : "Total",
    "sampleCount" : 32,
    "errorCount" : 0,
    "errorPct" : 0.0,
    "meanResTime" : 41.71875000000001,
    "medianResTime" : 17.0,
    "minResTime" : 12.0,
    "maxResTime" : 460.0,
    "pct1ResTime" : 94.59999999999997,
    "pct2ResTime" : 304.6499999999995,
    "pct3ResTime" : 460.0,
    "throughput" : 0.37624926513815404,
    "receivedKBytesPerSec" : 0.23070069077013522,
    "sentKBytesPerSec" : 0.09398194077013522
  },
  "TC_02_addPetTypes" : {
    "transaction" : "TC_02_addPetTypes",
    "sampleCount" : 9,
    "errorCount" : 0,
    "errorPct" : 0.0,
    "meanResTime" : 29.999999999999996,
    "medianResTime" : 14.0,
    "minResTime" : 12.0,
    "maxResTime" : 112.0,
    "pct1ResTime" : 112.0,
    "pct2ResTime" : 112.0,
    "pct3ResTime" : 112.0,
    "throughput" : 0.1118651651875606,
    "receivedKBytesPerSec" : 0.07394559313396476,
    "sentKBytesPerSec" : 0.03168056435975838
  },
  "TC_01_getAllPetTypes" : {
    "transaction" : "TC_01_getAllPetTypes",
    "sampleCount" : 15,
    "errorCount" : 0,
    "errorPct" : 0.0,
    "meanResTime" : 48.06666666666666,
    "medianResTime" : 17.0,
    "minResTime" : 12.0,
    "maxResTime" : 460.0,
    "pct1ResTime" : 210.40000000000015,
    "pct2ResTime" : 460.0,
    "pct3ResTime" : 460.0,
    "throughput" : 0.2124074257636047,
    "receivedKBytesPerSec" : 0.14008380357977315,
    "sentKBytesPerSec" : 0.04335268748495447
  }
}